Datetime,Water Level (m)
2025-10-22 06:00:00,0.120573714
2025-10-22 07:00:00,0.39535543
2025-10-22 08:00:00,0.71243054
2025-10-22 09:00:00,0.89747137
2025-10-22 10:00:00,0.87273455
2025-10-22 11:00:00,0.72798216
2025-10-22 12:00:00,0.4938961
2025-10-22 13:00:00,0.25939608
2025-10-22 14:00:00,0.060845304
2025-10-22 15:00:00,-0.110788934
2025-10-22 16:00:00,-0.27035514
2025-10-22 17:00:00,-0.19233534
2025-10-22 18:00:00,0.20056327
2025-10-22 19:00:00,0.5651954
2025-10-22 20:00:00,0.99955547
2025-10-22 21:00:00,1.2541832
2025-10-22 22:00:00,1.2733324
2025-10-22 23:00:00,1.1058701
2025-10-23 00:00:00,0.8314448
2025-10-23 01:00:00,0.5617942
2025-10-23 02:00:00,0.34625837
2025-10-23 03:00:00,0.14566088
2025-10-23 04:00:00,-0.036108624
2025-10-23 05:00:00,-0.1684315
2025-10-23 06:00:00,0.048741084
2025-10-23 07:00:00,0.37242553
2025-10-23 08:00:00,0.7049033
2025-10-23 09:00:00,1.0101277
2025-10-23 10:00:00,1.0282115
2025-10-23 11:00:00,0.89838773
2025-10-23 12:00:00,0.69543934
2025-10-23 13:00:00,0.4641998
2025-10-23 14:00:00,0.25906196
2025-10-23 15:00:00,0.07002685
2025-10-23 16:00:00,-0.0884441
2025-10-23 17:00:00,-0.19038983
2025-10-23 18:00:00,0.11068097
2025-10-23 19:00:00,0.4453905
2025-10-23 20:00:00,0.84918433
2025-10-23 21:00:00,1.2429085
2025-10-23 22:00:00,1.3461078
2025-10-23 23:00:00,1.2651523
2025-10-24 00:00:00,1.0330544
2025-10-24 01:00:00,0.75888556
2025-10-24 02:00:00,0.5261988
2025-10-24 03:00:00,0.3191726
2025-10-24 04:00:00,0.12662297
2025-10-24 05:00:00,-0.036667656
2025-10-24 06:00:00,-0.072678104
2025-10-24 07:00:00,0.27118325
2025-10-24 08:00:00,0.5514486
2025-10-24 09:00:00,0.8748605
2025-10-24 10:00:00,1.027284
2025-10-24 11:00:00,0.93948996
2025-10-24 12:00:00,0.7770275
2025-10-24 13:00:00,0.57476103
2025-10-24 14:00:00,0.36289427
2025-10-24 15:00:00,0.17257051
2025-10-24 16:00:00,-0.00047335873
2025-10-24 17:00:00,-0.14317329
2025-10-24 18:00:00,-0.08228262
2025-10-24 19:00:00,0.27254432
2025-10-24 20:00:00,0.62919515
2025-10-24 21:00:00,1.0508741
2025-10-24 22:00:00,1.2929369
2025-10-24 23:00:00,1.3041549
2025-10-25 00:00:00,1.1429203
2025-10-25 01:00:00,0.8900906
2025-10-25 02:00:00,0.6325733
2025-10-25 03:00:00,0.42471212
2025-10-25 04:00:00,0.22708309
2025-10-25 05:00:00,0.051243883
2025-10-25 06:00:00,-0.07476379
2025-10-25 07:00:00,0.053199477
2025-10-25 08:00:00,0.33561605
2025-10-25 09:00:00,0.62602675
2025-10-25 10:00:00,0.89752114
2025-10-25 11:00:00,0.91873056
2025-10-25 12:00:00,0.7993915
2025-10-25 13:00:00,0.62711024
2025-10-25 14:00:00,0.4318972
2025-10-25 15:00:00,0.24178079
2025-10-25 16:00:00,0.064918324
2025-10-25 17:00:00,-0.08472834
2025-10-25 18:00:00,-0.16691187
2025-10-25 19:00:00,0.086610846
2025-10-25 20:00:00,0.3871885
2025-10-25 21:00:00,0.7575148
2025-10-25 22:00:00,1.125817
2025-10-25 23:00:00,1.24356
2025-10-26 00:00:00,1.1943527
2025-10-26 01:00:00,0.990665
2025-10-26 02:00:00,0.7434505
2025-10-26 03:00:00,0.5181238
2025-10-26 04:00:00,0.3215707
2025-10-26 05:00:00,0.14110786
2025-10-26 06:00:00,-0.015076309
2025-10-26 07:00:00,-0.07892857
2025-10-26 08:00:00,0.14450388
2025-10-26 09:00:00,0.37980935
2025-10-26 10:00:00,0.66966957
2025-10-26 11:00:00,0.84299994
2025-10-26 12:00:00,0.78959125
2025-10-26 13:00:00,0.6573803
2025-10-26 14:00:00,0.49296752
2025-10-26 15:00:00,0.3134427
2025-10-26 16:00:00,0.13776258
2025-10-26 17:00:00,-0.018970428
2025-10-26 18:00:00,-0.13854401
2025-10-26 19:00:00,-0.08072975
2025-10-26 20:00:00,0.19471028
2025-10-26 21:00:00,0.48826832
2025-10-26 22:00:00,0.8614281
2025-10-26 23:00:00,1.0958804
2025-10-27 00:00:00,1.1558574
2025-10-27 01:00:00,1.0556077
2025-10-27 02:00:00,0.85006326
2025-10-27 03:00:00,0.61448056
2025-10-27 04:00:00,0.41391
2025-10-27 05:00:00,0.23044614
2025-10-27 06:00:00,0.07186762
2025-10-27 07:00:00,-0.056560736
2025-10-27 08:00:00,-0.04400054
2025-10-27 09:00:00,0.17383786
2025-10-27 10:00:00,0.40909716
2025-10-27 11:00:00,0.67120904
2025-10-27 12:00:00,0.76583683
2025-10-27 13:00:00,0.7095676
2025-10-27 14:00:00,0.5827104
2025-10-27 15:00:00,0.42986754
2025-10-27 16:00:00,0.26220652
2025-10-27 17:00:00,0.100503646
2025-10-27 18:00:00,-0.03269529
2025-10-27 19:00:00,-0.09756914
2025-10-27 20:00:00,0.074490935
2025-10-27 21:00:00,0.29725772
2025-10-27 22:00:00,0.59757763
2025-10-27 23:00:00,0.9356766
2025-10-28 00:00:00,1.100839
2025-10-28 01:00:00,1.1603415
2025-10-28 02:00:00,1.0525347
2025-10-28 03:00:00,0.8605676
2025-10-28 04:00:00,0.6398613
2025-10-28 05:00:00,0.45443204
2025-10-28 06:00:00,0.2838398
